,City,Cloudiness,Date,Humidity,Latitude,Longitude,Max Temp,Wind Speed
0,babanusah,40,1581539424.0,88.0,-20.41,57.7,80.6,12.75
1,babanusah,100,1581539425.0,96.0,60.12,64.78,17.17,4.9
2,babanusah,50,1581539425.0,92.0,-24.79,-50.01,66.4,3.22
3,babanusah,1,1581539425.0,65.0,19.73,-155.09,78.01,12.75
4,babanusah,90,1581539092.0,86.0,57.79,-152.41,33.8,16.11
5,babanusah,100,1581539092.0,78.0,-23.12,-134.97,79.11,17.52
6,babanusah,40,1581539426.0,57.0,-54.8,-68.3,55.4,24.16
7,babanusah,100,1581539426.0,85.0,68.05,39.51,31.55,24.02
8,babanusah,37,1581539426.0,93.0,62.14,117.63,-15.25,6.91
9,babanusah,0,1581539426.0,47.0,-37.62,-73.65,65.35,11.39
10,babanusah,75,1581539427.0,78.0,-21.2,-175.2,80.6,9.17
11,babanusah,0,,,,,,
12,babanusah,90,1581539385.0,96.0,39.18,-84.53,37.0,10.29
13,babanusah,75,1581539427.0,69.0,42.33,-83.33,35.6,10.29
14,babanusah,100,1581539129.0,86.0,71.92,114.08,-17.59,8.3
15,babanusah,89,1581539428.0,84.0,-8.14,159.59,80.67,9.55
16,babanusah,20,1581539273.0,64.0,20.89,-156.47,75.2,16.84
17,babanusah,40,1581539428.0,74.0,52.14,-122.14,30.2,6.93
18,babanusah,100,1581539428.0,81.0,70.63,147.92,-24.61,2.91
19,babanusah,6,1581539428.0,9.0,18.44,1.41,71.13,11.56
20,babanusah,20,1581539429.0,74.0,62.46,-114.35,-24.0,8.05
21,babanusah,40,1581539429.0,74.0,13.22,-59.52,80.6,23.04
22,babanusah,0,1581539429.0,86.0,-33.59,26.89,68.0,5.99
23,babanusah,40,1581539144.0,61.0,-27.28,-48.85,78.8,9.17
24,babanusah,0,,,,,,
25,babanusah,0,1581539433.0,74.0,-28.78,32.04,75.47,7.45
26,babanusah,89,1581539433.0,96.0,71.97,102.5,-3.37,9.86
27,babanusah,0,1581539165.0,88.0,-38.0,-57.56,88.0,9.17
28,babanusah,0,1581539434.0,96.0,69.38,178.42,-17.03,10.78
29,babanusah,75,1581539434.0,86.0,55.75,38.0,28.99,6.71
30,babanusah,1,1581539434.0,74.0,51.15,11.82,39.0,13.87
31,babanusah,75,1581539434.0,77.0,64.38,-173.3,5.0,2.51
32,babanusah,0,1581539437.0,49.0,-33.65,115.33,70.0,9.64
33,babanusah,0,1581539345.0,48.0,60.14,-45.24,16.29,12.97
34,babanusah,0,1581539387.0,93.0,22.29,114.16,69.01,3.36
35,babanusah,100,1581539438.0,84.0,3.07,172.79,81.86,17.92
36,babanusah,0,1581539287.0,25.0,-25.24,130.99,86.0,8.05
37,babanusah,90,1581539438.0,62.0,55.74,-97.86,-14.8,14.99
38,babanusah,0,,,,,,
39,babanusah,20,1581539439.0,94.0,5.41,100.34,78.8,3.36
40,babanusah,75,1581539439.0,100.0,-34.58,150.86,72.0,11.41
41,babanusah,4,1581539442.0,33.0,-7.33,-75.02,95.54,6.11
42,babanusah,98,1581539220.0,94.0,66.56,67.8,14.09,11.5
43,babanusah,36,1581539467.0,91.0,71.69,128.87,-27.63,5.37
44,babanusah,20,1581539467.0,87.0,38.8,-9.45,57.2,4.7
45,babanusah,1,1581539467.0,86.0,-30.74,30.45,65.01,6.8
46,babanusah,15,1581539467.0,36.0,8.25,34.58,80.01,3.13
47,babanusah,0,,,,,,
48,babanusah,99,1581539468.0,32.0,33.64,42.83,48.38,15.35
49,babanusah,100,1581539468.0,55.0,-46.28,169.85,72.0,15.21
50,babanusah,40,1581539471.0,42.0,-45.58,-72.07,62.6,8.05
51,babanusah,0,1581539472.0,73.0,68.75,161.3,-12.01,4.97
52,babanusah,1,1581539472.0,76.0,40.8,-124.16,55.99,9.17
53,babanusah,20,1581539472.0,72.0,32.67,-17.1,62.6,3.36
54,babanusah,86,1581539473.0,93.0,-46.13,167.68,57.99,4.0
55,babanusah,1,1581539194.0,55.0,42.1,-79.24,37.99,11.41
56,babanusah,100,1581539473.0,93.0,-46.19,168.86,57.99,4.0
57,babanusah,90,1581539421.0,44.0,42.6,-73.97,42.01,2.95
58,babanusah,5,1581539476.0,27.0,31.95,12.03,56.07,2.04
59,babanusah,7,1581539093.0,57.0,77.48,-69.36,-16.22,4.25
60,babanusah,68,1581539477.0,79.0,5.38,-52.95,78.94,15.57
61,babanusah,100,1581539477.0,95.0,1.74,98.78,72.52,2.15
62,babanusah,0,1581539477.0,77.0,-9.8,-139.03,81.45,16.89
63,babanusah,90,1581539477.0,41.0,-53.15,-70.92,59.0,25.28
64,babanusah,1,1581539478.0,77.0,-33.01,17.94,66.2,8.05
65,babanusah,1,1581539478.0,83.0,-34.53,20.04,70.0,13.87
66,babanusah,81,1581539478.0,66.0,43.2,51.65,41.86,11.01
67,babanusah,0,1581539481.0,28.0,20.5,-10.07,76.39,8.55
68,babanusah,0,,,,,,
69,babanusah,40,1581539482.0,88.0,-19.98,57.61,80.6,12.75
70,babanusah,49,1581539482.0,75.0,-33.02,27.91,74.59,21.09
71,babanusah,5,1581539482.0,59.0,37.46,-122.43,71.01,3.36
72,babanusah,40,1581539351.0,51.0,-29.68,-53.81,86.0,14.99
73,babanusah,0,1581539483.0,75.0,27.9,102.26,31.23,2.66
74,babanusah,42,1581539483.0,61.0,62.23,-6.59,32.0,9.17
75,babanusah,100,1581539483.0,91.0,63.05,179.32,6.66,6.55
76,babanusah,75,1581539483.0,94.0,-20.33,-40.29,75.2,6.93
77,babanusah,0,1581539483.0,26.0,20.0,-3.0,76.1,10.85
78,babanusah,40,1581539484.0,83.0,0.6,-80.03,84.2,5.82
79,babanusah,97,1581539484.0,88.0,-8.93,125.41,67.89,3.42
80,babanusah,100,1581539484.0,96.0,69.3,139.9,-13.97,4.7
81,babanusah,0,1581539484.0,82.0,-34.42,19.23,70.0,5.01
82,babanusah,100,1581539308.0,94.0,65.82,87.98,5.83,11.63
83,babanusah,0,1581539485.0,32.0,31.27,56.81,36.12,2.33
84,babanusah,20,1581539382.0,93.0,-33.93,18.42,69.01,10.29
85,babanusah,72,1581539485.0,78.0,-2.57,150.8,83.64,14.47
86,babanusah,75,1581539485.0,94.0,-13.31,35.24,68.0,11.41
87,babanusah,98,1581539486.0,93.0,66.83,70.83,16.61,12.91
88,babanusah,90,1581539486.0,87.0,40.16,-8.33,57.0,1.12
89,babanusah,0,1581539486.0,71.0,69.7,170.31,-4.81,2.33
90,babanusah,3,1581539239.0,82.0,43.32,145.57,34.0,13.15
91,babanusah,20,1581539486.0,74.0,71.04,27.85,32.0,23.04
92,babanusah,75,1581539487.0,63.0,51.26,-80.61,-11.2,17.22
93,babanusah,20,1581539508.0,78.0,-8.84,13.23,82.4,9.17
94,babanusah,0,1581539224.0,77.0,15.48,78.48,68.85,2.51
95,babanusah,1,1581539511.0,35.0,41.37,-73.41,45.0,9.17
96,babanusah,87,1581539512.0,92.0,50.68,156.12,19.51,10.02
97,babanusah,40,1581539284.0,73.0,22.08,-159.32,75.2,12.75
98,babanusah,100,1581539512.0,95.0,54.23,23.52,34.34,12.75
99,babanusah,0,1581539512.0,29.0,27.98,-114.06,66.79,6.53
100,babanusah,0,,,,,,
101,babanusah,90,1581539513.0,94.0,-22.97,-42.03,71.6,10.29
102,babanusah,0,,,,,,
103,babanusah,20,1581539513.0,61.0,63.75,-68.51,-23.01,14.99
104,babanusah,100,1581539514.0,82.0,65.61,-37.64,16.68,39.68
105,babanusah,1,1581539514.0,82.0,-26.65,15.16,68.0,8.05
106,babanusah,43,1581539514.0,79.0,-21.28,25.37,65.89,10.58
107,babanusah,0,1581539514.0,45.0,30.48,-115.95,62.55,8.5
108,babanusah,36,1581539282.0,56.0,61.99,-49.67,1.38,14.76
109,babanusah,75,1581539458.0,73.0,40.81,111.65,26.6,6.71
110,babanusah,4,1581539515.0,82.0,42.54,129.0,24.1,5.57
111,babanusah,20,1581539515.0,87.0,37.72,-25.43,60.8,11.41
112,babanusah,76,1581539515.0,16.0,7.38,8.57,79.14,5.32
113,babanusah,33,1581539516.0,82.0,42.99,143.2,31.6,6.8
114,babanusah,0,,,,,,
115,babanusah,1,1581539516.0,62.0,36.62,-121.92,69.01,6.93
116,babanusah,100,1581539516.0,74.0,-21.21,-159.78,82.4,12.41
117,babanusah,75,1581539516.0,93.0,-33.87,121.9,62.6,6.93
118,babanusah,90,1581539517.0,92.0,47.67,-52.73,30.0,27.51
119,babanusah,75,1581539517.0,65.0,20.7,-105.2,78.8,8.05
120,babanusah,75,1581539517.0,94.0,3.17,113.03,77.0,3.36
121,babanusah,40,1581539517.0,88.0,-20.52,57.52,80.6,12.75
122,babanusah,5,1581539518.0,34.0,60.72,-46.03,5.0,3.36
123,babanusah,99,1581539518.0,78.0,-21.36,55.77,80.6,4.7
124,babanusah,89,1581539518.0,76.0,-2.02,147.27,83.55,15.28
125,babanusah,31,1581539518.0,81.0,8.57,78.12,77.34,11.52
126,babanusah,0,,,,,,
127,babanusah,0,1581539522.0,57.0,20.9,70.37,71.92,6.35
128,babanusah,0,1581539522.0,16.0,16.33,-15.0,84.56,10.16
129,babanusah,0,1581539522.0,81.0,-25.17,45.05,74.21,12.66
130,babanusah,78,1581539522.0,90.0,-22.67,167.48,80.8,16.67
131,babanusah,90,1581539260.0,100.0,37.99,-84.48,41.0,10.29
132,babanusah,100,1581539523.0,92.0,73.51,80.55,19.04,21.77
133,babanusah,40,1581539523.0,83.0,-14.54,40.67,82.4,2.24
134,babanusah,91,1581539526.0,89.0,-10.62,150.67,78.24,5.75
135,babanusah,0,1581539527.0,77.0,49.63,25.33,31.53,14.5
136,babanusah,0,,,,,,
137,babanusah,0,1581539527.0,32.0,24.93,75.58,61.41,0.27
138,babanusah,1,1581539527.0,44.0,38.42,-121.42,68.0,3.36
139,babanusah,0,1581539527.0,93.0,22.86,115.7,68.0,0.87
140,babanusah,94,1581539528.0,89.0,65.44,52.15,29.26,7.85
141,babanusah,40,1581539528.0,88.0,-20.34,57.76,80.6,12.75
142,babanusah,0,1581539528.0,87.0,4.38,-7.72,77.72,2.77
143,babanusah,1,1581539531.0,69.0,27.04,-82.24,87.01,13.87
144,babanusah,79,1581539532.0,98.0,-20.52,47.25,62.87,2.04
145,babanusah,12,1581539532.0,25.0,10.07,34.53,70.9,7.0
146,babanusah,83,1581539532.0,67.0,9.57,37.1,59.74,3.89
147,babanusah,100,1581539532.0,82.0,56.45,138.17,3.43,5.57
148,babanusah,59,1581539532.0,69.0,-23.68,22.79,70.61,14.18
149,babanusah,100,1581539533.0,98.0,72.79,-56.15,-12.14,1.28
150,babanusah,88,1581539533.0,88.0,-34.73,135.87,66.33,11.07
151,babanusah,10,1581539533.0,14.0,11.03,20.28,70.0,5.35
152,babanusah,75,1581539536.0,100.0,47.05,-122.29,48.99,5.82
153,babanusah,0,1581539537.0,92.0,-34.0,24.73,67.05,4.7
154,babanusah,99,1581539537.0,82.0,-19.55,169.27,83.37,1.05
155,babanusah,75,1581539537.0,88.0,-22.92,-42.82,71.6,5.82
156,babanusah,100,1581539537.0,87.0,46.42,3.91,37.4,1.12
157,babanusah,5,1581539537.0,34.0,60.92,-46.05,5.0,3.36
158,babanusah,0,,,,,,
159,babanusah,90,1581539538.0,83.0,-28.77,114.6,73.4,9.17
160,babanusah,90,1581539538.0,65.0,46.41,-105.84,21.0,11.41
161,babanusah,100,1581539541.0,99.0,50.6,97.52,-8.52,0.87
162,babanusah,75,1581539542.0,66.0,-5.2,-35.46,86.0,17.22
163,babanusah,40,1581539542.0,88.0,-24.87,113.63,73.4,11.41
164,babanusah,72,1581539542.0,82.0,39.05,-27.98,61.38,7.72
165,babanusah,0,,,,,,
166,babanusah,80,1581539542.0,82.0,-36.82,174.45,73.0,2.24
167,babanusah,0,1581539543.0,62.0,14.9,-24.5,71.6,13.51
168,babanusah,93,1581539312.0,88.0,-9.11,124.89,74.77,1.34
169,babanusah,90,1581539543.0,72.0,55.96,92.55,14.0,6.71
170,babanusah,10,1581539543.0,82.0,65.98,60.31,20.44,14.85
171,babanusah,90,1581539546.0,71.0,-42.88,147.33,57.2,1.12
172,babanusah,75,1581539250.0,100.0,65.46,12.2,33.8,8.05
173,babanusah,100,1581539547.0,98.0,50.16,40.38,31.05,5.23
174,babanusah,100,1581539547.0,94.0,58.04,65.27,15.66,6.44
175,babanusah,100,1581539547.0,92.0,57.47,41.96,20.98,9.17
176,babanusah,100,1581539548.0,97.0,48.61,42.85,32.94,17.2
177,babanusah,0,,,,,,
178,babanusah,75,1581539548.0,88.0,-32.25,148.62,69.8,9.17
179,babanusah,40,1581539301.0,52.0,7.77,-72.22,87.8,11.41
180,babanusah,3,1581539551.0,76.0,-8.9,-35.15,82.49,14.2
181,babanusah,31,1581539552.0,71.0,6.88,73.1,82.13,6.55
182,babanusah,0,1581539552.0,92.0,33.06,113.8,47.5,4.59
183,babanusah,36,1581539552.0,82.0,35.03,25.95,55.99,2.84
184,babanusah,90,1581539552.0,100.0,-19.06,-169.92,69.8,6.93
185,babanusah,5,1581539552.0,76.0,68.71,-52.87,-8.86,7.94
186,babanusah,1,1581539553.0,53.0,48.6,-93.4,-5.01,17.22
187,babanusah,20,1581539402.0,66.0,11.24,-74.2,89.6,5.82
188,babanusah,90,1581539553.0,85.0,54.37,56.18,15.01,6.71
189,babanusah,2,1581539556.0,41.0,37.89,58.52,33.8,2.24
190,babanusah,0,1581539557.0,71.0,25.05,61.74,71.11,14.41
191,babanusah,0,1581539344.0,66.0,31.61,34.76,55.4,4.7
192,babanusah,0,1581539516.0,61.0,-33.7,-53.46,73.81,13.73
193,babanusah,0,1581539557.0,37.0,22.95,79.2,60.58,2.55
194,babanusah,100,1581539557.0,81.0,39.89,4.27,51.8,5.82
195,babanusah,0,,,,,,
196,babanusah,75,1581539399.0,87.0,49.24,-124.8,46.0,2.24
197,babanusah,100,1581539558.0,90.0,-9.08,143.21,75.2,8.23
198,babanusah,100,1581539561.0,14.0,11.93,-8.42,79.52,5.66
199,babanusah,20,1581539562.0,82.0,38.52,-28.7,60.8,8.05
200,babanusah,0,,,,,,
201,babanusah,0,1581539562.0,80.0,6.12,81.12,80.24,26.33
202,babanusah,0,,,,,,
203,babanusah,100,1581539562.0,77.0,-0.87,134.08,73.18,3.27
204,babanusah,7,1581539563.0,78.0,42.9,133.91,32.11,3.85
205,babanusah,0,,,,,,
206,babanusah,0,1581539563.0,78.0,-17.0,145.43,77.0,3.87
207,babanusah,20,1581539566.0,82.0,33.08,-16.33,62.6,3.36
208,babanusah,20,1581539566.0,87.0,37.73,-25.67,60.8,11.41
209,babanusah,100,1581539567.0,74.0,46.07,30.47,33.8,6.71
210,babanusah,20,1581539567.0,66.0,-0.74,-90.35,86.0,24.16
211,babanusah,90,1581539541.0,70.0,64.84,-147.72,-0.99,4.7
212,babanusah,90,1581539567.0,71.0,-42.78,147.06,57.2,1.12
213,babanusah,87,1581539568.0,30.0,31.63,-8.01,68.0,6.93
214,babanusah,0,1581539568.0,33.0,3.98,13.18,67.06,1.45
215,babanusah,0,,,,,,
216,babanusah,86,1581539571.0,92.0,51.5,95.6,-8.5,2.33
217,babanusah,94,1581539572.0,70.0,-25.18,27.27,69.12,5.99
218,babanusah,20,1581539572.0,65.0,-16.48,-43.49,80.6,3.36
219,babanusah,44,1581539572.0,62.0,65.42,-52.9,10.13,14.99
220,babanusah,73,1581539572.0,52.0,-34.48,-54.33,75.25,14.92
221,babanusah,100,1581539572.0,98.0,-2.08,101.38,63.52,1.21
222,babanusah,0,,,,,,
223,babanusah,100,1581539573.0,80.0,54.63,-8.45,39.2,17.22
224,babanusah,75,1581539573.0,75.0,65.28,-126.83,-18.4,10.29
225,babanusah,89,1581539576.0,93.0,-46.6,168.33,57.99,4.0
226,babanusah,92,1581539577.0,77.0,-8.77,160.7,83.77,16.24
227,babanusah,5,1581539577.0,63.0,58.52,-117.14,-9.4,6.93
228,babanusah,0,1581539577.0,83.0,49.65,-108.42,-2.88,2.66
229,babanusah,20,1581539577.0,63.0,60.82,-115.8,-7.6,9.17
230,babanusah,95,1581539577.0,90.0,-16.36,-46.91,72.97,2.55
231,babanusah,62,1581539578.0,87.0,13.08,109.3,75.7,2.19
232,babanusah,64,1581539578.0,93.0,-3.8,102.27,74.52,3.18
233,babanusah,75,1581539578.0,100.0,4.41,114.01,75.2,11.88
234,babanusah,3,1581539578.0,55.0,46.43,26.4,36.0,4.7
235,babanusah,100,1581539578.0,91.0,50.57,123.72,5.18,3.11
236,babanusah,100,1581539579.0,70.0,65.75,150.85,-20.61,1.74
237,babanusah,0,1581539579.0,86.0,9.97,98.63,76.21,4.18
238,babanusah,40,1581539579.0,81.0,17.49,44.13,53.6,9.17
239,babanusah,12,1581539579.0,75.0,11.67,92.75,79.45,17.38
240,babanusah,100,1581539579.0,86.0,48.65,-53.11,28.99,13.0
241,babanusah,5,1581539580.0,50.0,18.22,42.51,53.6,11.41
242,babanusah,65,1581539580.0,96.0,50.36,108.75,-9.36,1.57
243,babanusah,33,1581539580.0,85.0,32.77,22.64,61.57,21.68
244,babanusah,40,1581539581.0,82.0,28.66,-17.92,68.0,11.41
245,babanusah,75,1581539582.0,100.0,42.78,-9.06,59.0,9.17
246,babanusah,100,1581539582.0,8.0,12.73,-3.87,78.13,9.15
247,babanusah,5,1581539582.0,52.0,22.89,-109.91,73.99,11.41
248,babanusah,40,1581539582.0,69.0,63.73,8.83,37.4,26.4
249,babanusah,0,,,,,,
250,babanusah,100,1581539583.0,87.0,33.73,135.98,63.9,31.68
251,babanusah,99,1581539583.0,93.0,-24.71,-47.56,70.11,3.42
252,babanusah,5,1581539583.0,52.0,50.23,-99.47,-11.2,14.99
253,babanusah,90,1581539583.0,86.0,59.7,30.79,34.0,8.95
254,babanusah,0,,,,,,
255,babanusah,40,1581539584.0,70.0,-17.73,-149.15,86.0,8.05
256,babanusah,0,,,,,,
257,babanusah,100,1581539584.0,100.0,-28.87,153.57,71.6,9.17
258,babanusah,0,1581539368.0,47.0,26.56,31.69,55.4,4.7
259,babanusah,5,1581539585.0,74.0,69.45,-133.04,-27.4,3.36
260,babanusah,1,1581539390.0,74.0,71.29,-156.79,-23.8,5.82
261,babanusah,75,1581539585.0,68.0,50.03,-66.87,28.4,16.11
262,babanusah,0,1581539588.0,35.0,24.88,74.63,58.64,2.42
263,babanusah,15,1581539589.0,86.0,-15.2,12.15,74.34,16.53
264,babanusah,0,1581539589.0,21.0,20.52,-13.05,77.02,11.45
265,babanusah,94,1581539589.0,62.0,40.28,97.2,25.74,17.76
266,babanusah,40,1581539385.0,60.0,-29.03,-51.18,75.99,9.17
267,babanusah,90,1581539589.0,80.0,57.05,-135.33,39.2,24.16
268,babanusah,92,1581539590.0,63.0,64.89,-23.71,24.85,14.9
269,babanusah,74,1581539590.0,43.0,-26.5,17.16,74.52,9.4
270,babanusah,90,1581539590.0,100.0,36.19,-94.13,42.01,4.34
271,babanusah,0,,,,,,
272,babanusah,5,1581539295.0,63.0,46.62,10.7,39.2,0.96
273,babanusah,34,1581539594.0,80.0,-22.43,-151.33,80.51,17.16
274,babanusah,90,1581539594.0,94.0,-30.38,153.1,71.6,3.36
275,babanusah,70,1581539594.0,77.0,-0.6,73.08,82.87,9.13
276,babanusah,75,1581539465.0,68.0,50.2,-66.38,28.4,16.11
277,babanusah,0,1581539595.0,96.0,63.28,118.33,-25.33,4.59
278,babanusah,32,1581539595.0,94.0,11.39,122.69,72.55,5.3
279,babanusah,94,1581539595.0,9.0,13.91,-4.55,78.94,10.56
280,babanusah,20,1581539598.0,66.0,-15.86,-38.88,86.0,3.36
281,babanusah,99,1581539599.0,50.0,16.97,102.28,76.42,1.74
282,babanusah,0,1581539599.0,77.0,2.04,45.34,80.85,27.47
283,babanusah,43,1581539599.0,53.0,41.12,80.26,31.51,1.88
284,babanusah,96,1581539599.0,97.0,67.8,130.41,-22.94,2.28
285,babanusah,75,1581539599.0,67.0,66.04,-17.34,23.0,11.41
286,babanusah,0,1581539364.0,75.0,-30.18,-50.21,74.12,24.14
287,babanusah,0,,,,,,
288,babanusah,97,1581539600.0,89.0,65.58,-171.0,-5.49,3.33
289,babanusah,0,,,,,,
290,babanusah,67,1581539604.0,30.0,-40.81,-63.0,91.58,24.2
291,babanusah,34,1581539604.0,82.0,-35.1,173.78,68.0,1.99
292,babanusah,81,1581539604.0,42.0,43.53,6.47,52.0,3.36
293,babanusah,1,1581539588.0,64.0,46.83,-100.89,-0.4,16.11
294,babanusah,0,1581539604.0,13.0,11.78,17.17,68.41,13.04
295,babanusah,75,1581539605.0,93.0,35.73,140.83,53.6,4.7
296,babanusah,100,1581539605.0,76.0,34.17,77.58,11.64,4.85
297,babanusah,90,1581539367.0,80.0,54.32,-130.32,39.2,18.34
298,babanusah,40,1581539609.0,66.0,-10.21,-48.36,86.0,4.7
299,babanusah,0,1581539609.0,20.0,25.02,37.27,63.37,4.29
300,babanusah,69,1581539609.0,69.0,30.8,108.39,51.42,2.37
301,babanusah,1,1581539609.0,81.0,40.6,-124.16,55.99,7.7
302,babanusah,97,1581539610.0,91.0,43.77,142.37,32.83,5.77
303,babanusah,40,1581539610.0,75.0,70.47,-68.59,-13.0,14.99
304,babanusah,96,1581539610.0,66.0,4.93,-52.33,84.2,10.29
305,babanusah,100,1581539613.0,97.0,66.32,-179.17,-0.65,2.91
306,babanusah,33,1581539614.0,23.0,25.75,71.38,69.44,9.33
307,babanusah,1,1581539614.0,42.0,40.81,-74.19,46.4,7.65
308,babanusah,90,1581539471.0,100.0,-31.43,152.92,72.0,2.24
309,babanusah,98,1581539614.0,85.0,61.31,10.3,11.25,5.26
310,babanusah,11,1581539614.0,89.0,30.3,109.48,43.45,1.81
311,babanusah,91,1581539406.0,45.0,35.47,44.39,35.04,9.73
312,babanusah,0,1581539615.0,61.0,53.05,158.65,12.2,6.71
313,babanusah,0,,,,,,
314,babanusah,75,1581539618.0,82.0,32.69,128.84,55.4,9.17
315,babanusah,100,1581539619.0,78.0,35.3,37.18,39.96,11.68
316,babanusah,0,,,,,,
317,babanusah,20,1581539619.0,86.0,58.21,-6.39,34.0,8.05
318,babanusah,100,1581539400.0,87.0,-43.53,172.63,63.0,9.17
319,babanusah,0,1581539405.0,77.0,-33.92,25.57,69.8,16.11
320,babanusah,100,1581539427.0,55.0,-45.87,170.5,72.0,8.95
321,babanusah,100,1581539620.0,86.0,-8.1,156.84,79.07,6.64
322,babanusah,20,1581539620.0,88.0,7.92,98.33,77.0,11.72
323,babanusah,100,1581539620.0,94.0,65.85,74.49,15.49,13.6
324,babanusah,0,,,,,,
325,babanusah,30,1581539624.0,85.0,67.68,53.15,29.1,19.64
326,babanusah,46,1581539624.0,80.0,-17.71,-39.25,81.07,11.5
327,babanusah,90,1581539624.0,100.0,-31.9,152.47,72.0,4.7
328,babanusah,0,,,,,,
329,babanusah,100,1581539625.0,32.0,-34.18,-70.67,71.22,9.64
330,babanusah,0,1581539625.0,84.0,41.57,120.46,33.89,5.55
331,babanusah,100,1581539625.0,93.0,-6.12,141.29,71.73,1.68
332,babanusah,100,1581539628.0,100.0,64.57,143.2,-31.86,1.1
333,babanusah,9,1581539628.0,81.0,4.87,-2.24,79.75,4.88
334,babanusah,20,1581539629.0,73.0,68.22,-135.01,-20.2,2.24
335,babanusah,20,1581539629.0,88.0,-34.6,138.73,66.0,2.68
336,babanusah,21,1581539629.0,78.0,-16.48,-151.75,82.06,14.38
337,babanusah,100,1581539629.0,75.0,51.38,1.39,45.0,10.29
338,babanusah,90,1581539630.0,88.0,7.04,134.26,77.0,11.41
339,babanusah,0,1581539630.0,82.0,-22.96,14.51,66.99,4.7
340,babanusah,40,1581539630.0,70.0,-17.53,-149.33,86.0,8.05
341,babanusah,23,1581539630.0,97.0,10.33,98.83,70.77,2.3
342,babanusah,20,1581539525.0,65.0,78.22,15.64,5.0,19.46
343,babanusah,91,1581539634.0,68.0,27.91,-15.54,66.2,9.17
344,babanusah,62,1581539634.0,80.0,-26.62,-54.13,80.01,1.66
345,babanusah,2,1581539634.0,79.0,54.16,74.81,-1.08,10.42
346,babanusah,100,1581539634.0,90.0,-1.57,9.26,76.78,2.37
347,babanusah,100,1581539634.0,94.0,49.21,-84.77,-8.55,9.89
348,babanusah,20,1581539635.0,74.0,67.2,14.43,35.6,6.93
349,babanusah,100,1581539635.0,83.0,66.0,111.5,-7.6,4.47
350,babanusah,1,1581539496.0,35.0,34.64,-120.46,71.01,3.36
351,babanusah,20,1581539452.0,94.0,12.25,109.18,75.2,2.24
352,babanusah,75,1581539615.0,50.0,41.12,-100.77,33.8,25.28
353,babanusah,100,1581539639.0,78.0,-4.2,152.17,83.25,17.78
354,babanusah,0,1581539639.0,75.0,28.13,82.3,50.77,3.33
355,babanusah,90,1581539639.0,88.0,-37.83,140.77,64.4,11.41
356,babanusah,1,1581539418.0,41.0,41.28,-70.1,43.0,11.41
357,babanusah,90,1581539640.0,81.0,40.43,71.72,42.8,11.41
358,babanusah,0,1581539640.0,28.0,5.03,25.14,70.45,2.66
359,babanusah,5,1581539643.0,58.0,16.86,-99.89,87.8,6.93
360,babanusah,0,,,,,,
361,babanusah,0,,,,,,
362,babanusah,40,1581539644.0,78.0,55.22,-119.44,8.6,4.7
363,babanusah,0,,,,,,
364,babanusah,54,1581539644.0,43.0,-28.19,23.54,68.11,6.08
365,babanusah,0,1581539448.0,33.0,24.69,46.72,42.8,3.36
366,babanusah,0,1581539527.0,96.0,68.05,166.44,-17.32,3.31
367,babanusah,95,1581539645.0,94.0,-0.95,100.35,69.64,2.42
368,babanusah,100,1581539648.0,11.0,9.6,-5.2,80.11,5.48
369,babanusah,84,1581539649.0,99.0,60.34,102.28,-13.34,4.63
370,babanusah,100,1581539649.0,93.0,-7.61,15.06,68.95,1.16
371,babanusah,22,1581539649.0,56.0,-35.33,-72.42,63.45,19.17
372,babanusah,100,1581539393.0,77.0,47.17,-55.15,30.4,28.16
373,babanusah,0,1581539526.0,92.0,32.9,115.82,47.95,5.64
374,babanusah,40,1581539650.0,33.0,-39.03,-67.58,86.0,11.41
375,babanusah,0,,,,,,
376,babanusah,5,1581539650.0,23.0,19.22,-98.81,82.4,10.29
377,babanusah,0,1581539653.0,27.0,20.93,-17.03,78.8,12.75
378,babanusah,0,,,,,,
379,babanusah,0,,,,,,
380,babanusah,0,1581539654.0,93.0,61.28,108.01,-14.04,8.97
381,babanusah,90,1581539654.0,87.0,36.15,-86.78,48.99,8.05
382,babanusah,76,1581539654.0,47.0,-7.02,-37.28,86.54,7.78
383,babanusah,100,1581539655.0,97.0,46.49,135.88,26.38,1.97
384,babanusah,20,1581539655.0,87.0,51.03,-4.22,44.01,11.41
385,babanusah,0,,,,,,
386,babanusah,73,1581539658.0,35.0,6.86,7.39,84.2,3.36
387,babanusah,40,1581539659.0,78.0,-23.86,35.38,80.6,4.7
388,babanusah,75,1581539557.0,48.0,-41.87,-73.82,64.4,12.75
389,babanusah,100,1581539659.0,97.0,26.4,112.86,59.61,3.18
390,babanusah,100,1581539659.0,99.0,-0.88,131.25,73.31,1.1
391,babanusah,1,1581539659.0,64.0,41.46,-81.51,37.4,4.7
392,babanusah,33,1581539660.0,76.0,54.28,-0.4,39.0,6.93
393,babanusah,79,1581539660.0,62.0,-11.1,-77.61,77.31,10.71
394,babanusah,0,,,,,,
395,babanusah,0,1581539658.0,53.0,25.52,90.22,56.5,1.39
396,babanusah,100,1581539664.0,78.0,-7.84,-79.15,75.2,10.29
397,babanusah,40,1581539664.0,70.0,15.0,-83.23,86.0,11.41
398,babanusah,100,1581539664.0,96.0,-15.27,-72.34,39.38,6.64
399,babanusah,0,,,,,,
400,babanusah,75,1581539664.0,68.0,71.0,24.66,32.0,21.92
401,babanusah,0,,,,,,
402,babanusah,49,1581539665.0,100.0,-35.17,173.17,72.0,6.29
403,babanusah,100,1581539665.0,94.0,59.14,68.9,7.99,8.46
404,babanusah,0,1581539668.0,11.0,20.2,1.01,73.18,14.61
405,babanusah,100,1581539525.0,82.0,59.38,143.3,-7.4,8.3
406,babanusah,1,1581539669.0,59.0,35.53,-108.74,39.2,6.93
407,babanusah,0,1581539669.0,78.0,3.78,72.97,82.69,17.98
408,babanusah,59,1581539669.0,60.0,25.21,64.64,73.53,12.03
409,babanusah,73,1581539437.0,62.0,66.94,-53.67,-3.46,9.01
410,babanusah,90,1581539670.0,93.0,-34.04,23.05,66.2,6.93
411,babanusah,75,1581539670.0,77.0,44.37,-100.35,8.01,25.28
412,babanusah,0,,,,,,
413,babanusah,48,1581539670.0,77.0,7.98,49.82,77.65,29.59
414,babanusah,86,1581539673.0,89.0,-7.6,110.82,74.1,4.56
415,babanusah,0,,,,,,
416,babanusah,40,1581539674.0,74.0,-6.38,-35.13,84.2,14.99
417,babanusah,0,1581539674.0,61.0,46.33,27.97,35.38,8.19
418,babanusah,47,1581539674.0,88.0,10.93,108.1,68.05,3.44
419,babanusah,20,1581539393.0,62.0,12.58,-81.7,86.0,13.87
420,babanusah,0,1581539675.0,31.0,29.97,40.21,46.4,9.17
421,babanusah,100,1581539675.0,97.0,53.73,119.77,-9.09,1.81
422,babanusah,79,1581539675.0,96.0,58.36,82.83,2.12,6.22
423,babanusah,88,1581539678.0,70.0,67.45,153.68,-26.18,6.22
424,babanusah,69,1581539679.0,92.0,-38.27,141.97,64.98,20.4
425,babanusah,20,1581539679.0,47.0,44.39,-68.2,39.0,5.82
426,babanusah,100,1581539679.0,93.0,67.57,30.48,27.19,7.11
427,babanusah,100,1581539430.0,77.0,43.75,-81.72,34.0,17.0
428,babanusah,81,1581539679.0,78.0,-21.34,55.48,80.6,4.7
429,babanusah,20,1581539680.0,79.0,47.38,-61.86,26.6,17.22
430,babanusah,0,,,,,,
431,babanusah,10,1581539680.0,88.0,4.25,103.42,80.6,4.7
432,babanusah,89,1581539445.0,38.0,-0.19,-74.78,91.74,3.11
433,babanusah,100,1581539684.0,79.0,-5.22,145.8,80.74,10.11
434,babanusah,74,1581539684.0,13.0,14.53,20.92,61.23,14.41
435,babanusah,75,1581539684.0,70.0,-0.95,-80.73,86.0,9.17
436,babanusah,1,1581539447.0,23.0,37.1,-113.58,52.0,5.82
437,babanusah,0,1581539684.0,47.0,29.97,32.53,58.5,5.26
438,babanusah,0,,,,,,
439,babanusah,75,1581539685.0,72.0,35.13,140.3,59.0,9.17
440,babanusah,57,1581539685.0,91.0,32.3,-9.24,54.66,5.84
441,babanusah,0,,,,,,
442,babanusah,20,1581539596.0,78.0,18.22,-63.06,77.0,13.87
443,babanusah,40,1581539689.0,56.0,50.1,-91.92,-13.0,8.05
444,babanusah,100,1581539490.0,94.0,-30.52,151.65,62.31,12.86
445,babanusah,0,1581539402.0,36.0,21.43,39.83,69.12,3.22
446,babanusah,54,1581539689.0,72.0,53.6,91.39,12.2,2.24
447,babanusah,1,1581539690.0,50.0,42.25,-75.83,41.0,6.93
448,babanusah,77,1581539690.0,37.0,39.82,109.98,31.26,6.71
449,babanusah,75,1581539690.0,93.0,35.37,132.77,51.8,3.36
450,babanusah,90,1581539561.0,85.0,49.78,-74.85,24.8,18.34
451,babanusah,0,,,,,,
452,babanusah,100,1581539694.0,71.0,42.13,-1.14,53.6,3.36
453,babanusah,75,1581539694.0,84.0,69.49,88.4,8.6,31.32
454,babanusah,100,1581539694.0,85.0,49.58,111.98,-1.7,6.55
455,babanusah,75,1581539694.0,84.0,69.35,87.76,8.6,31.32
456,babanusah,3,1581539695.0,94.0,30.51,117.05,51.24,0.36
457,babanusah,0,,,,,,
458,babanusah,100,1581539695.0,98.0,63.92,127.47,-16.06,5.66
459,babanusah,100,1581539695.0,54.0,27.92,96.17,57.13,2.93
460,babanusah,2,1581539698.0,62.0,2.93,11.98,72.03,2.89
461,babanusah,1,1581539432.0,15.0,36.04,-114.98,62.01,4.7
462,babanusah,100,1581539699.0,99.0,52.47,96.11,-6.5,1.81
463,babanusah,31,1581539699.0,84.0,40.55,42.0,4.32,8.84
464,babanusah,0,1581539699.0,41.0,11.78,-72.44,91.4,20.8
465,babanusah,100,1581539699.0,98.0,24.78,112.38,59.81,2.1
466,babanusah,86,1581539700.0,94.0,-4.94,122.53,74.71,2.19
467,babanusah,0,,,,,,
468,babanusah,99,1581539700.0,79.0,-14.9,50.28,81.09,9.08
469,babanusah,40,1581539538.0,93.0,35.04,33.98,54.0,4.7
470,babanusah,89,1581539704.0,73.0,-3.78,37.62,76.5,1.77
471,babanusah,30,1581539704.0,68.0,18.5,102.42,70.29,1.95
472,babanusah,90,1581539704.0,58.0,64.25,-15.21,24.8,18.34
473,babanusah,0,,,,,,
474,babanusah,100,1581539705.0,96.0,67.54,133.38,-22.25,2.01
475,babanusah,0,,,,,,
476,babanusah,0,,,,,,
477,babanusah,96,1581539705.0,88.0,-12.9,45.08,82.4,3.36
478,babanusah,1,1581539708.0,94.0,-21.15,149.2,79.0,9.17
479,babanusah,90,1581539709.0,78.0,33.19,-82.53,73.4,6.93
480,babanusah,75,1581539709.0,87.0,37.02,-7.93,61.0,9.17
481,babanusah,0,1581539709.0,79.0,4.75,-6.64,82.51,11.34
482,babanusah,87,1581539709.0,98.0,54.11,102.16,-1.01,2.75
483,babanusah,88,1581539710.0,65.0,-4.88,-66.9,86.32,2.91
484,babanusah,0,1581539710.0,70.0,54.3,110.3,-12.89,2.01
485,babanusah,68,1581539710.0,78.0,9.49,50.81,77.29,30.85
486,babanusah,100,1581539713.0,46.0,3.87,-67.92,92.19,2.21
487,babanusah,40,1581539713.0,53.0,-0.13,-67.09,95.0,3.36
488,babanusah,61,1581539714.0,80.0,60.4,-1.35,39.2,3.36
489,babanusah,88,1581539714.0,88.0,-20.57,164.28,78.24,4.32
490,babanusah,100,1581539714.0,82.0,4.14,96.13,81.18,5.26
491,babanusah,40,1581539714.0,100.0,1.45,125.18,73.4,4.7
492,babanusah,0,,,,,,
493,babanusah,2,1581539715.0,28.0,4.95,23.92,71.35,1.88
494,babanusah,0,1581539715.0,76.0,-20.32,118.57,80.56,9.75
495,babanusah,99,1581539715.0,92.0,-3.84,-62.06,81.63,2.53
496,babanusah,40,1581539715.0,78.0,-6.34,106.1,80.6,3.36
497,babanusah,65,1581539716.0,32.0,-33.3,-66.34,88.57,22.06
498,babanusah,0,,,,,,
499,babanusah,6,1581539716.0,76.0,5.1,73.07,81.95,12.66
500,babanusah,67,1581539716.0,82.0,55.06,-3.27,36.0,10.29
501,babanusah,0,1581539711.0,78.0,14.69,-17.44,82.4,9.17
502,babanusah,22,1581539717.0,52.0,42.12,118.78,33.26,5.3
503,babanusah,79,1581539717.0,92.0,-6.64,-51.99,79.59,1.63
504,babanusah,90,1581539717.0,70.0,64.86,-147.8,-0.99,4.7
505,babanusah,31,1581539720.0,40.0,17.02,54.09,73.4,26.4
506,babanusah,75,1581539563.0,68.0,46.76,-71.7,32.0,9.17
507,babanusah,90,1581539721.0,83.0,-21.64,-41.05,77.0,6.93
508,babanusah,0,,,,,,
509,babanusah,81,1581539721.0,78.0,-21.37,55.62,80.6,4.7
510,babanusah,40,1581539721.0,83.0,45.4,42.59,32.0,20.13
511,babanusah,1,1581539722.0,89.0,-2.89,-40.12,77.56,5.7
512,babanusah,40,1581539722.0,55.0,14.3,-91.92,89.6,16.11
513,babanusah,0,,,,,,
514,babanusah,100,1581539725.0,68.0,-11.38,43.28,83.93,3.87
515,babanusah,75,1581539726.0,55.0,2.82,-60.67,86.0,9.17
516,babanusah,99,1581539726.0,75.0,35.52,46.18,18.48,3.74
517,babanusah,0,,,,,,
518,babanusah,40,1581539726.0,49.0,38.89,-76.51,48.99,9.17
519,babanusah,90,1581539503.0,48.0,41.32,-73.09,45.0,10.29
520,babanusah,0,1581539718.0,100.0,-4.58,-81.27,62.6,14.99
521,babanusah,100,1581539727.0,93.0,-6.88,112.21,75.36,0.6
522,babanusah,0,,,,,,
523,babanusah,0,,,,,,
524,babanusah,100,1581539467.0,76.0,30.2,67.01,44.47,6.08
525,babanusah,93,1581539728.0,62.0,-9.09,-78.58,77.9,12.03
526,babanusah,20,1581539728.0,58.0,17.88,-76.41,86.0,28.86
527,babanusah,100,1581539728.0,98.0,6.7,101.62,71.98,3.47
528,babanusah,90,1581539728.0,100.0,-23.32,-46.22,73.0,4.7
529,babanusah,80,1581539729.0,57.0,-10.07,-78.15,79.09,8.72
530,babanusah,0,1581539493.0,38.0,-23.7,133.88,73.4,3.36
531,babanusah,77,1581539729.0,70.0,3.17,-52.32,80.24,4.09
532,babanusah,100,1581539732.0,95.0,43.51,123.51,35.62,9.42
533,babanusah,20,1581539733.0,41.0,69.22,-51.1,1.4,5.82
534,babanusah,0,1581539733.0,93.0,19.8,85.85,60.8,4.63
535,babanusah,88,1581539733.0,80.0,-5.04,18.82,75.76,1.52
536,babanusah,69,1581539733.0,94.0,58.43,29.37,30.6,6.11
537,babanusah,90,1581539733.0,60.0,41.3,-96.17,39.99,12.75
538,babanusah,40,1581539734.0,32.0,5.66,-67.62,98.6,11.41
539,babanusah,90,1581539045.0,64.0,39.63,-79.96,41.0,2.35
540,babanusah,59,1581539734.0,69.0,4.71,6.79,82.4,7.27
541,babanusah,90,1581539683.0,85.0,60.72,-135.05,21.99,23.04
542,babanusah,2,1581539734.0,87.0,24.6,94.03,47.01,0.81
543,babanusah,0,1581539735.0,17.0,27.85,-105.48,60.6,10.65
544,babanusah,78,1581539735.0,9.0,14.01,0.75,75.15,11.65
545,babanusah,38,1581539735.0,15.0,9.23,29.83,74.28,6.04
546,babanusah,40,1581539735.0,54.0,-7.8,-35.59,84.2,13.87
547,babanusah,40,1581539736.0,22.0,-51.62,-69.22,64.4,18.34
548,babanusah,33,1581539736.0,25.0,25.82,72.58,65.97,6.26
549,babanusah,0,1581539736.0,47.0,2.33,37.99,82.94,13.06
550,babanusah,40,1581539736.0,74.0,19.22,-104.7,84.2,11.41
551,babanusah,31,1581539739.0,83.0,-13.85,136.42,84.2,4.7
552,babanusah,90,1581539740.0,92.0,60.55,-151.26,26.01,10.29
553,babanusah,75,1581539740.0,86.0,62.58,6.13,35.01,27.51
554,babanusah,40,1581539740.0,74.0,66.15,-65.71,-23.8,4.7
555,babanusah,0,1581539740.0,23.0,32.87,59.22,28.4,4.7
556,babanusah,0,1581539740.0,70.0,11.28,-15.83,79.93,15.9
557,babanusah,42,1581539741.0,27.0,9.66,-68.58,95.9,1.5
558,babanusah,98,1581539741.0,19.0,18.69,12.92,59.68,3.71
559,babanusah,91,1581539741.0,82.0,0.13,117.5,79.68,12.24
560,babanusah,20,1581539741.0,55.0,37.57,-122.38,70.0,8.05
561,babanusah,100,1581539742.0,58.0,10.7,37.27,61.92,1.86
562,babanusah,75,1581539742.0,100.0,41.98,2.82,53.01,6.93
563,babanusah,90,1581539742.0,92.0,66.5,25.72,30.2,8.05
564,babanusah,6,1581539742.0,54.0,6.5,2.6,84.2,6.93
565,babanusah,100,1581539745.0,96.0,24.42,111.52,61.34,1.48
566,babanusah,100,1581539746.0,75.0,-0.91,122.88,81.03,8.75
567,babanusah,100,1581539746.0,83.0,46.34,42.28,36.18,20.67
568,babanusah,1,1581539746.0,100.0,37.57,126.98,44.6,1.12
569,babanusah,20,1581539746.0,82.0,26.45,91.44,60.8,1.57
570,babanusah,99,1581539747.0,89.0,8.0,124.29,73.0,3.0
571,babanusah,20,1581539450.0,60.0,64.18,-51.72,8.6,16.11
572,babanusah,0,1581539747.0,88.0,16.48,81.83,68.02,1.36
573,babanusah,90,1581539747.0,93.0,53.73,-7.8,37.4,18.34
574,babanusah,1,1581539747.0,58.0,27.58,-80.39,86.0,23.04
575,babanusah,65,1581539748.0,85.0,-20.23,164.02,81.84,13.85
576,babanusah,0,1581539748.0,87.0,56.35,78.36,-1.07,5.39
577,babanusah,1,1581539542.0,48.0,41.14,-73.36,45.0,8.05
578,babanusah,0,,,,,,
579,babanusah,59,1581539748.0,96.0,53.96,105.88,-10.5,2.64
580,babanusah,100,1581539675.0,73.0,-16.35,-53.76,84.2,2.93
581,babanusah,7,1581539749.0,93.0,11.0,122.67,71.67,8.25
582,babanusah,75,1581539749.0,83.0,5.28,115.24,78.8,5.82
583,babanusah,100,1581539752.0,20.0,26.59,12.78,60.46,4.34
584,babanusah,89,1581539753.0,81.0,-28.55,16.43,67.42,1.7
585,babanusah,0,1581539753.0,15.0,18.9,-3.53,76.12,9.62
586,babanusah,20,1581539530.0,32.0,37.34,-121.89,71.01,3.29
587,babanusah,25,1581539753.0,95.0,-2.53,112.95,73.89,1.36
588,babanusah,100,1581539754.0,93.0,58.77,47.96,16.68,7.92
589,babanusah,79,1581539754.0,16.0,-20.46,-66.83,72.55,13.56
590,babanusah,75,1581539542.0,97.0,69.65,18.96,32.0,11.41
591,babanusah,71,1581539754.0,92.0,9.73,77.3,70.12,3.24
592,babanusah,0,1581539757.0,87.0,43.8,143.89,27.36,5.95
593,babanusah,0,1581539758.0,73.0,-34.57,146.4,71.6,8.05
594,babanusah,0,1581539758.0,52.0,-36.72,-73.12,69.8,23.04
595,babanusah,100,1581539758.0,76.0,49.63,117.32,5.81,10.98
596,babanusah,5,1581539758.0,16.0,25.88,-103.62,75.2,12.75
597,babanusah,40,1581539759.0,72.0,-45.87,-67.5,62.6,8.05
598,babanusah,100,1581539759.0,82.0,-0.73,-47.85,80.92,18.92
599,babanusah,0,1581539759.0,100.0,44.3,15.85,48.99,4.7
600,babanusah,90,1581539762.0,100.0,22.28,113.57,68.0,3.36
601,babanusah,100,1581539763.0,79.0,70.37,31.11,26.6,31.09
602,babanusah,90,1581539763.0,92.0,36.53,37.95,28.4,8.05
603,babanusah,75,1581539763.0,94.0,-3.3,-60.62,78.8,2.24
604,babanusah,0,1581539763.0,84.0,15.73,79.28,69.67,2.98
605,babanusah,40,1581539764.0,55.0,33.47,-117.7,66.99,9.17
606,babanusah,0,,,,,,
